,PC1,abs_PC1
Q16,0.1991136797720204,0.1991136797720204
Q23,0.19761656936584412,0.19761656936584412
Q5,0.1959036040746368,0.1959036040746368
Q24,0.19457346560774627,0.19457346560774627
Q10,0.19432547791417512,0.19432547791417512
Q13,0.19344651859218784,0.19344651859218784
Q19,0.1931327498684253,0.1931327498684253
Q20,0.19308850061592067,0.19308850061592067
Q18,0.19288926386812696,0.19288926386812696
Q26,0.19185317364759774,0.19185317364759774
