,PC1,abs_PC1
Q23,0.19557017191062717,0.19557017191062717
Q14,0.19464206986270619,0.19464206986270619
Q16,0.1946207800621158,0.1946207800621158
Q13,0.19432473583945845,0.19432473583945845
Q19,0.19415082566176084,0.19415082566176084
Q15,0.1940269986036385,0.1940269986036385
Q20,0.19336552518804992,0.19336552518804992
Q24,0.1933135816483705,0.1933135816483705
Q18,0.1932406940806494,0.1932406940806494
Q10,0.19246703054034558,0.19246703054034558
