,PC1,abs_PC1
Q16,0.19752498488339798,0.19752498488339798
Q18,0.1939644146942185,0.1939644146942185
Q19,0.1939626648239818,0.1939626648239818
Q5,0.19314935777190195,0.19314935777190195
Q27,0.19257300005765632,0.19257300005765632
Q23,0.19191210619364696,0.19191210619364696
Q13,0.19099054246500025,0.19099054246500025
Q22,0.19055330933230824,0.19055330933230824
Q12,0.19016861113674768,0.19016861113674768
Q21,0.1901292803071956,0.1901292803071956
