,PC1,abs_PC1
Q16,0.1962884607185116,0.1962884607185116
Q23,0.19483934551909277,0.19483934551909277
Q18,0.1935787905363188,0.1935787905363188
Q20,0.19319850989826415,0.19319850989826415
Q24,0.19313335226971254,0.19313335226971254
Q19,0.1927359261695192,0.1927359261695192
Q10,0.1923626409200223,0.1923626409200223
Q13,0.19227287823257486,0.19227287823257486
Q14,0.19118138722153227,0.19118138722153227
Q21,0.1911060157140784,0.1911060157140784
